,sr,miu,irstp,Total Aggregated Utility,Distance to threshold 2035,Distance to threshold 2055,Distance to threshold 2075,Population under threshold 2035,Population under threshold 2055,Population under threshold 2075
0,0.26992659441930567,2073.517073207669,0.001000000010692537,17966.39492884049,0.11854382669337649,0.0,0.0,265.1144638558088,0.0,0.0
